{
    "timestamp": "20241216_222617",
    "model_stats": [
        {
            "model": "RandomForestModel",
            "min": -146.7669699081347,
            "max": 964.2657661464884,
            "mean": 274.5597368933306,
            "std": 195.28830063740173,
            "weight": 0.46010149099985276
        },
        {
            "model": "GradientBoostModel",
            "min": -159.0077667236328,
            "max": 971.0049438476562,
            "mean": 273.8293151855469,
            "std": 197.31353759765625,
            "weight": 0.5398985090001474
        }
    ],
    "summary_stats": {
        "min": -85.84806060791016,
        "max": 524.244140625,
        "mean": 137.0827004293422,
        "median": 121.86079086153902,
        "std": 99.02859971076245
    },
    "model_weights": {
        "RandomForestModel": 0.46010149099985276,
        "GradientBoostModel": 0.5398985090001474
    }
}