{
    "product_type": "envelopes",
    "total_products": 240,
    "average_predicted_profit": 274.5597368933306,
    "median_predicted_profit": 246.57644801759284,
    "profit_range": [
        -146.7669699081347,
        964.2657661464884
    ]
}