{
    "product_type": "envelopes",
    "total_products": 1000,
    "average_predicted_profit": 260.7320377160528,
    "median_predicted_profit": 226.8245260624929,
    "profit_range": [
        -220.6758347895303,
        1184.5702949085214
    ],
    "mean_absolute_error": 11.881205603789837,
    "prediction_accuracy": 0.9316830176690509,
    "predictions_within_10_percent": 0.864
}